Kind attention All Vitians Importance of getting Industry Certifications.,0
STARTUP INTERNSHIP OPPORTUNITIES at Humourbaba,0
Light House Projects under Global Housing Technology Challenge India GHTC India along with Technograhis and E-Course,0
Presentation on higher education opportunities in the United States,0
IMPORTANT JP Morgan Chase & Co. Selection Process for the Software Engineer Program,0
Vibe with PulsarTribe and win an exciting prize,1
Buy one get one free today,1
Limited time offer on our products,1
Pay Rs.1000 and get gift vouchers worth lakhs,1
Your oppurtunity to win exciting prizes,1
